original	start_year	end_year	Count	Percentage
1917-1917	1917	1917	81	1.49
1908-1908	1908	1908	68	1.25
1901-1901	1901	1901	62	1.14
1906-1906	1906	1906	62	1.14
1910-1910	1910	1910	57	1.05
1913-1913	1913	1913	56	1.03
1912-1912	1912	1912	55	1.01
1915-1915	1915	1915	54	0.99
1907-1907	1907	1907	47	0.87
1909-1909	1909	1909	46	0.85
1902-1902	1902	1902	46	0.85
1916-1916	1916	1916	46	0.85
1900-1900	1900	1900	45	0.83
1914-1914	1914	1914	42	0.77
1905-1905	1905	1905	41	0.76
1899-1899	1899	1899	40	0.74
1911-1911	1911	1911	39	0.72
1909-1910	1909	1910	30	0.55
1914-1915	1914	1915	28	0.52
1917-1918	1917	1918	28	0.52
1912-1913	1912	1913	27	0.5
1908-1909	1908	1909	27	0.5
1904-1904	1904	1904	27	0.5
1903-1903	1903	1903	26	0.48
1887-1887	1887	1887	26	0.48
1890-1890	1890	1890	25	0.46
1915-1917	1915	1917	25	0.46
1891-1891	1891	1891	25	0.46
1912-1915	1912	1915	24	0.44
1911-1912	1911	1912	24	0.44
1911-1913	1911	1913	23	0.42
1917-1919	1917	1919	23	0.42
1913-1915	1913	1915	22	0.41
1888-1888	1888	1888	22	0.41
1908-1910	1908	1910	22	0.41
1906-1907	1906	1907	22	0.41
1895-1895	1895	1895	21	0.39
1898-1898	1898	1898	20	0.37
1912-1914	1912	1914	19	0.35
1892-1892	1892	1892	19	0.35
1896-1896	1896	1896	19	0.35
1909-1915	1909	1915	18	0.33
1914-1916	1914	1916	18	0.33
1916-1925	1916	1925	17	0.31
1915-1916	1915	1916	17	0.31
1906-1918	1906	1918	17	0.31
1916-1917	1916	1917	17	0.31
1889-1890	1889	1890	17	0.31
1911-1914	1911	1914	16	0.29
1910-1913	1910	1913	16	0.29
1913-1914	1913	1914	16	0.29
1901-1905	1901	1905	16	0.29
1907-1908	1907	1908	16	0.29
1894-1894	1894	1894	15	0.28
1893-1893	1893	1893	15	0.28
1911-1915	1911	1915	15	0.28
1909-1914	1909	1914	15	0.28
1901-1902	1901	1902	15	0.28
1887-1889	1887	1889	15	0.28
1906-1908	1906	1908	15	0.28
1912-1917	1912	1917	15	0.28
1906-1914	1906	1914	15	0.28
1897-1897	1897	1897	15	0.28
1898-1899	1898	1899	14	0.26
1910-1914	1910	1914	14	0.26
1916-1918	1916	1918	14	0.26
1915-1918	1915	1918	14	0.26
1914-1917	1914	1917	14	0.26
1886-1886	1886	1886	14	0.26
1916-1919	1916	1919	14	0.26
1909-1944	1909	1944	14	0.26
1917-1920	1917	1920	13	0.24
1881-1882	1881	1882	13	0.24
1906-1917	1906	1917	13	0.24
1892-1893	1892	1893	13	0.24
1889-1889	1889	1889	13	0.24
1886-1887	1886	1887	13	0.24
1885-1885	1885	1885	12	0.22
1907-1910	1907	1910	12	0.22
1907-1909	1907	1909	12	0.22
1905-1906	1905	1906	12	0.22
1907-1944	1907	1944	12	0.22
1910-1915	1910	1915	12	0.22
1906-1909	1906	1909	11	0.2
1907-1913	1907	1913	11	0.2
1908-1914	1908	1914	11	0.2
1906-1911	1906	1911	11	0.2
1916-1920	1916	1920	11	0.2
1908-1915	1908	1915	11	0.2
1905-1907	1905	1907	11	0.2
1910-1911	1910	1911	11	0.2
1903-1905	1903	1905	11	0.2
1883-1883	1883	1883	10	0.18
1886-1890	1886	1890	10	0.18
1910-1917	1910	1917	10	0.18
1901-1903	1901	1903	10	0.18
1910-1912	1910	1912	10	0.18
1909-1912	1909	1912	10	0.18
1912-1916	1912	1916	10	0.18
1887-1888	1887	1888	10	0.18
1893-1895	1893	1895	10	0.18
1894-1896	1894	1896	10	0.18
1890-1891	1890	1891	10	0.18
1909-1913	1909	1913	10	0.18
1890-1944	1890	1944	10	0.18
1914-1920	1914	1920	10	0.18
1904-1905	1904	1905	10	0.18
1902-1903	1902	1903	10	0.18
1899-1900	1899	1900	10	0.18
1906-1915	1906	1915	 9	0.17
1908-1912	1908	1912	 9	0.17
1897-1898	1897	1898	 9	0.17
1907-1918	1907	1918	 9	0.17
1909-1911	1909	1911	 9	0.17
1900-1901	1900	1901	 9	0.17
1902-1904	1902	1904	 9	0.17
1892-1944	1892	1944	 9	0.17
1891-1892	1891	1892	 9	0.17
1896-1900	1896	1900	 8	0.15
1895-1896	1895	1896	 8	0.15
1906-1910	1906	1910	 8	0.15
1906-1925	1906	1925	 8	0.15
1915-1925	1915	1925	 8	0.15
1916-1923	1916	1923	 8	0.15
1916-1922	1916	1922	 8	0.15
1909-1917	1909	1917	 8	0.15
1903-1919	1903	1919	 8	0.15
1876-1876	1876	1876	 8	0.15
1863-1864	1863	1864	 8	0.15
1904-1909	1904	1909	 8	0.15
1907-1911	1907	1911	 8	0.15
1916-1951	1916	1951	 8	0.15
1909-1920	1909	1920	 8	0.15
1908-1944	1908	1944	 8	0.15
1911-1918	1911	1918	 8	0.15
1907-1915	1907	1915	 8	0.15
1917-1944	1917	1944	 8	0.15
1885-1887	1885	1887	 8	0.15
1893-1894	1893	1894	 8	0.15
1906-1912	1906	1912	 8	0.15
1891-1893	1891	1893	 7	0.13
1884-1884	1884	1884	 7	0.13
1908-1916	1908	1916	 7	0.13
1880-1880	1880	1880	 7	0.13
1914-1923	1914	1923	 7	0.13
1907-1920	1907	1920	 7	0.13
1899-1905	1899	1905	 7	0.13
1901-1904	1901	1904	 7	0.13
1917-1921	1917	1921	 7	0.13
1907-1917	1907	1917	 7	0.13
1891-1925	1891	1925	 7	0.13
1911-1916	1911	1916	 7	0.13
1913-1919	1913	1919	 7	0.13
1908-1920	1908	1920	 7	0.13
1913-1917	1913	1917	 7	0.13
1914-1919	1914	1919	 7	0.13
1821-1821	1821	1821	 7	0.13
1881-1881	1881	1881	 7	0.13
1897-1899	1897	1899	 7	0.13
1910-1918	1910	1918	 7	0.13
1892-1895	1892	1895	 7	0.13
1884-1887	1884	1887	 7	0.13
1881-1884	1881	1884	 7	0.13
1912-1918	1912	1918	 7	0.13
1902-1905	1902	1905	 7	0.13
1894-1895	1894	1895	 7	0.13
1908-1917	1908	1917	 7	0.13
1908-1913	1908	1913	 7	0.13
1876-1877	1876	1877	 7	0.13
1900-1902	1900	1902	 6	0.11
1879-1879	1879	1879	 6	0.11
1882-1882	1882	1882	 6	0.11
1891-1894	1891	1894	 6	0.11
1912-1922	1912	1922	 6	0.11
1896-1897	1896	1897	 6	0.11
1900-1905	1900	1905	 6	0.11
1909-1916	1909	1916	 6	0.11
1894-1897	1894	1897	 6	0.11
1883-1885	1883	1885	 6	0.11
1847-1849	1847	1849	 6	0.11
1889-1901	1889	1901	 6	0.11
1856-1857	1856	1857	 6	0.11
1862-1863	1862	1863	 6	0.11
1844-1855	1844	1855	 6	0.11
1866-1867	1866	1867	 6	0.11
1895-1900	1895	1900	 6	0.11
1878-1881	1878	1881	 6	0.11
1881-1914	1881	1914	 6	0.11
1877-1879	1877	1879	 6	0.11
1916-1921	1916	1921	 6	0.11
1914-1921	1914	1921	 6	0.11
1905-1915	1905	1915	 6	0.11
1904-1906	1904	1906	 6	0.11
1810-1944	1810	1944	 6	0.11
1906-1913	1906	1913	 6	0.11
1899-1901	1899	1901	 6	0.11
1917-1924	1917	1924	 6	0.11
1859-1860	1859	1860	 6	0.11
1898-1944	1898	1944	 6	0.11
1915-1944	1915	1944	 6	0.11
1884-1885	1884	1885	 6	0.11
1883-1884	1883	1884	 6	0.11
1893-1944	1893	1944	 6	0.11
1906-1944	1906	1944	 6	0.11
1882-1910	1882	1910	 6	0.11
1885-1893	1885	1893	 6	0.11
1903-1904	1903	1904	 6	0.11
1913-1916	1913	1916	 6	0.11
1912-1920	1912	1920	 6	0.11
1891-1895	1891	1895	 5	0.09
1909-1922	1909	1922	 5	0.09
1893-1900	1893	1900	 5	0.09
1887-1890	1887	1890	 5	0.09
1916-1939	1916	1939	 5	0.09
1911-1951	1911	1951	 5	0.09
1886-1908	1886	1908	 5	0.09
1915-1921	1915	1921	 5	0.09
1888-1903	1888	1903	 5	0.09
1896-1898	1896	1898	 5	0.09
1905-1910	1905	1910	 5	0.09
1912-1921	1912	1921	 5	0.09
1898-1910	1898	1910	 5	0.09
1911-1917	1911	1917	 5	0.09
1896-1925	1896	1925	 5	0.09
1908-1911	1908	1911	 5	0.09
1903-1911	1903	1911	 5	0.09
1907-1914	1907	1914	 5	0.09
1910-1916	1910	1916	 5	0.09
1917-1922	1917	1922	 5	0.09
1917-1923	1917	1923	 5	0.09
1912-1925	1912	1925	 5	0.09
1832-1974	1832	1974	 5	0.09
1868-1868	1868	1868	 5	0.09
1846-1846	1846	1846	 5	0.09
1892-1906	1892	1906	 5	0.09
1885-1886	1885	1886	 5	0.09
1879-1883	1879	1883	 5	0.09
1884-1892	1884	1892	 5	0.09
1900-1907	1900	1907	 5	0.09
1886-1905	1886	1905	 5	0.09
1879-1881	1879	1881	 5	0.09
1890-1901	1890	1901	 5	0.09
1888-1901	1888	1901	 5	0.09
1911-1944	1911	1944	 5	0.09
1888-1916	1888	1916	 5	0.09
1907-1919	1907	1919	 5	0.09
1916-1944	1916	1944	 5	0.09
1911-1925	1911	1925	 5	0.09
1914-1925	1914	1925	 5	0.09
1896-1899	1896	1899	 5	0.09
1886-1889	1886	1889	 5	0.09
1912-1924	1912	1924	 4	0.07
1908-1923	1908	1923	 4	0.07
1913-1920	1913	1920	 4	0.07
1893-1896	1893	1896	 4	0.07
1880-1881	1880	1881	 4	0.07
1889-1891	1889	1891	 4	0.07
1870-1870	1870	1870	 4	0.07
1888-1895	1888	1895	 4	0.07
1886-1900	1886	1900	 4	0.07
1891-1905	1891	1905	 4	0.07
1903-1914	1903	1914	 4	0.07
1892-1905	1892	1905	 4	0.07
1896-1905	1896	1905	 4	0.07
1881-1885	1881	1885	 4	0.07
1891-1900	1891	1900	 4	0.07
1898-1900	1898	1900	 4	0.07
1900-1906	1900	1906	 4	0.07
1902-1912	1902	1912	 4	0.07
1908-1918	1908	1918	 4	0.07
1902-1906	1902	1906	 4	0.07
1909-1925	1909	1925	 4	0.07
1906-1916	1906	1916	 4	0.07
1906-1920	1906	1920	 4	0.07
1911-1919	1911	1919	 4	0.07
1910-1929	1910	1929	 4	0.07
1917-1928	1917	1928	 4	0.07
1909-1921	1909	1921	 4	0.07
1913-1926	1913	1926	 4	0.07
1910-1938	1910	1938	 4	0.07
1909-1919	1909	1919	 4	0.07
1895-1897	1895	1897	 4	0.07
1889-1894	1889	1894	 4	0.07
1881-1883	1881	1883	 4	0.07
1899-1944	1899	1944	 4	0.07
1901-1944	1901	1944	 4	0.07
1857-1859	1857	1859	 4	0.07
1882-1901	1882	1901	 4	0.07
1880-1898	1880	1898	 4	0.07
1882-1894	1882	1894	 4	0.07
1861-1862	1861	1862	 4	0.07
1863-1865	1863	1865	 4	0.07
1860-1862	1860	1862	 4	0.07
1908-1939	1908	1939	 4	0.07
1891-1903	1891	1903	 4	0.07
1889-1892	1889	1892	 4	0.07
1917-1946	1917	1946	 4	0.07
1899-1907	1899	1907	 4	0.07
1915-1919	1915	1919	 4	0.07
1883-1888	1883	1888	 4	0.07
1866-1900	1866	1900	 4	0.07
1913-1951	1913	1951	 4	0.07
1896-1906	1896	1906	 4	0.07
1877-1882	1877	1882	 4	0.07
1903-1907	1903	1907	 4	0.07
1897-1900	1897	1900	 4	0.07
1898-1901	1898	1901	 4	0.07
1864-1865	1864	1865	 4	0.07
1889-1899	1889	1899	 4	0.07
1905-1913	1905	1913	 4	0.07
1901-1909	1901	1909	 4	0.07
1890-1892	1890	1892	 4	0.07
1917-1930	1917	1930	 4	0.07
1907-1930	1907	1930	 4	0.07
1913-1930	1913	1930	 4	0.07
1900-2015	1900	2015	 4	0.07
1877-1877	1877	1877	 4	0.07
1889-1944	1889	1944	 4	0.07
1912-1928	1912	1928	 4	0.07
1870-1879	1870	1879	 4	0.07
1889-1911	1889	1911	 4	0.07
1896-1944	1896	1944	 4	0.07
1913-1944	1913	1944	 4	0.07
1917-1925	1917	1925	 4	0.07
1881-1889	1881	1889	 4	0.07
1910-1937	1910	1937	 4	0.07
1882-1944	1882	1944	 4	0.07
1902-1944	1902	1944	 4	0.07
1908-1929	1908	1929	 4	0.07
1900-1992	1900	1992	 4	0.07
1904-1907	1904	1907	 4	0.07
1901-1914	1901	1914	 4	0.07
1907-1916	1907	1916	 4	0.07
1885-1900	1885	1900	 3	0.06
1916-1926	1916	1926	 3	0.06
1915-2017	1915	2017	 3	0.06
1899-1903	1899	1903	 3	0.06
1904-1914	1904	1914	 3	0.06
1909-1918	1909	1918	 3	0.06
1889-1912	1889	1912	 3	0.06
1895-1901	1895	1901	 3	0.06
1901-1906	1901	1906	 3	0.06
1878-1902	1878	1902	 3	0.06
1885-1943	1885	1943	 3	0.06
1904-1939	1904	1939	 3	0.06
1916-1948	1916	1948	 3	0.06
1886-1897	1886	1897	 3	0.06
1899-1918	1899	1918	 3	0.06
1911-1926	1911	1926	 3	0.06
1886-1888	1886	1888	 3	0.06
1878-1878	1878	1878	 3	0.06
1875-1875	1875	1875	 3	0.06
1897-1916	1897	1916	 3	0.06
1900-1999	1900	1999	 3	0.06
1900-1994	1900	1994	 3	0.06
1898-1912	1898	1912	 3	0.06
1893-1897	1893	1897	 3	0.06
1895-1898	1895	1898	 3	0.06
1896-1904	1896	1904	 3	0.06
1888-1905	1888	1905	 3	0.06
1894-1900	1894	1900	 3	0.06
1902-1909	1902	1909	 3	0.06
1886-1895	1886	1895	 3	0.06
1913-1948	1913	1948	 3	0.06
1910-1951	1910	1951	 3	0.06
1917-1931	1917	1931	 3	0.06
1892-1894	1892	1894	 3	0.06
1888-1891	1888	1891	 3	0.06
1915-1948	1915	1948	 3	0.06
1908-1926	1908	1926	 3	0.06
1869-1869	1869	1869	 3	0.06
1914-1930	1914	1930	 3	0.06
1894-1915	1894	1915	 3	0.06
1911-1923	1911	1923	 3	0.06
1913-1923	1913	1923	 3	0.06
1898-1907	1898	1907	 3	0.06
1889-1915	1889	1915	 3	0.06
1896-1911	1896	1911	 3	0.06
1888-1890	1888	1890	 3	0.06
1888-1889	1888	1889	 3	0.06
1898-1902	1898	1902	 3	0.06
1903-1916	1903	1916	 3	0.06
1899-1951	1899	1951	 3	0.06
1899-1904	1899	1904	 3	0.06
1893-1903	1893	1903	 3	0.06
1898-1904	1898	1904	 3	0.06
1900-1904	1900	1904	 3	0.06
1900-1903	1900	1903	 3	0.06
1909-1929	1909	1929	 3	0.06
1901-1910	1901	1910	 3	0.06
1904-1912	1904	1912	 3	0.06
1905-1914	1905	1914	 3	0.06
1887-1916	1887	1916	 3	0.06
1898-1905	1898	1905	 3	0.06
1912-1919	1912	1919	 3	0.06
1898-1906	1898	1906	 3	0.06
1893-1915	1893	1915	 3	0.06
1903-1908	1903	1908	 3	0.06
1896-1919	1896	1919	 3	0.06
1896-1910	1896	1910	 3	0.06
1913-1921	1913	1921	 3	0.06
1907-1912	1907	1912	 3	0.06
1913-1925	1913	1925	 3	0.06
1905-1925	1905	1925	 3	0.06
1897-1915	1897	1915	 3	0.06
1902-1914	1902	1914	 3	0.06
1908-1919	1908	1919	 3	0.06
1910-1923	1910	1923	 3	0.06
1910-1921	1910	1921	 3	0.06
1912-1930	1912	1930	 3	0.06
1915-1922	1915	1922	 3	0.06
1893-1904	1893	1904	 3	0.06
1886-1906	1886	1906	 3	0.06
1888-1944	1888	1944	 3	0.06
1904-1944	1904	1944	 3	0.06
1854-1866	1854	1866	 3	0.06
1883-1985	1883	1985	 3	0.06
1864-1878	1864	1878	 3	0.06
1882-1906	1882	1906	 3	0.06
1873-1883	1873	1883	 3	0.06
1864-1881	1864	1881	 3	0.06
1854-1855	1854	1855	 3	0.06
1875-1899	1875	1899	 3	0.06
1899-1939	1899	1939	 3	0.06
1837-1849	1837	1849	 3	0.06
1855-1861	1855	1861	 3	0.06
1888-1893	1888	1893	 3	0.06
1880-1893	1880	1893	 3	0.06
1870-1874	1870	1874	 3	0.06
1877-1891	1877	1891	 3	0.06
1863-1867	1863	1867	 3	0.06
1874-1876	1874	1876	 3	0.06
1820-1831	1820	1831	 3	0.06
1882-1919	1882	1919	 3	0.06
1870-1872	1870	1872	 3	0.06
1820-1861	1820	1861	 3	0.06
1810-1819	1810	1819	 3	0.06
1829-1831	1829	1831	 3	0.06
1890-1905	1890	1905	 3	0.06
1882-1885	1882	1885	 3	0.06
1896-1916	1896	1916	 3	0.06
1916-1972	1916	1972	 3	0.06
1903-1980	1903	1980	 3	0.06
1872-1874	1872	1874	 3	0.06
1850-1903	1850	1903	 3	0.06
1855-1858	1855	1858	 3	0.06
1823-1832	1823	1832	 3	0.06
1833-1841	1833	1841	 3	0.06
1897-1945	1897	1945	 3	0.06
1844-1846	1844	1846	 3	0.06
1869-1918	1869	1918	 3	0.06
1847-1866	1847	1866	 3	0.06
1858-1861	1858	1861	 3	0.06
1829-1879	1829	1879	 3	0.06
1880-1887	1880	1887	 3	0.06
1860-1863	1860	1863	 3	0.06
1909-1962	1909	1962	 3	0.06
1861-1888	1861	1888	 3	0.06
1882-1900	1882	1900	 3	0.06
1898-2008	1898	2008	 3	0.06
1871-1884	1871	1884	 3	0.06
1863-1863	1863	1863	 3	0.06
1917-1939	1917	1939	 3	0.06
1880-1882	1880	1882	 3	0.06
1851-1856	1851	1856	 3	0.06
1882-1903	1882	1903	 3	0.06
1882-1898	1882	1898	 3	0.06
1871-1917	1871	1917	 3	0.06
1874-1917	1874	1917	 3	0.06
1884-1901	1884	1901	 3	0.06
1845-1847	1845	1847	 3	0.06
1874-1888	1874	1888	 3	0.06
1866-1872	1866	1872	 3	0.06
1839-1847	1839	1847	 3	0.06
1847-1855	1847	1855	 3	0.06
1858-1901	1858	1901	 3	0.06
1914-1939	1914	1939	 3	0.06
1829-1866	1829	1866	 3	0.06
1832-1844	1832	1844	 3	0.06
1853-1855	1853	1855	 3	0.06
1843-1843	1843	1843	 3	0.06
1890-1940	1890	1940	 3	0.06
1820-1931	1820	1931	 3	0.06
1866-1918	1866	1918	 3	0.06
1856-1865	1856	1865	 3	0.06
1902-1946	1902	1946	 3	0.06
1897-1904	1897	1904	 3	0.06
1860-2015	1860	2015	 3	0.06
1881-2015	1881	2015	 3	0.06
1837-1858	1837	1858	 3	0.06
1872-1965	1872	1965	 3	0.06
1860-1865	1860	1865	 3	0.06
1861-1861	1861	1861	 3	0.06
1858-1859	1858	1859	 3	0.06
1861-1893	1861	1893	 3	0.06
1877-1878	1877	1878	 3	0.06
1880-1896	1880	1896	 3	0.06
1873-1917	1873	1917	 3	0.06
1866-1866	1866	1866	 3	0.06
1876-1882	1876	1882	 3	0.06
1899-1906	1899	1906	 3	0.06
1915-1951	1915	1951	 3	0.06
1912-1951	1912	1951	 3	0.06
1878-1891	1878	1891	 3	0.06
1883-1898	1883	1898	 3	0.06
1885-1898	1885	1898	 3	0.06
1861-1863	1861	1863	 3	0.06
1888-1892	1888	1892	 3	0.06
1886-1892	1886	1892	 3	0.06
1890-1906	1890	1906	 3	0.06
1907-1951	1907	1951	 3	0.06
1888-1917	1888	1917	 3	0.06
1876-1881	1876	1881	 3	0.06
1905-1911	1905	1911	 3	0.06
1867-1870	1867	1870	 3	0.06
1900-1990	1900	1990	 3	0.06
1902-1919	1902	1919	 3	0.06
1889-1904	1889	1904	 3	0.06
1861-1889	1861	1889	 3	0.06
1884-1910	1884	1910	 3	0.06
1916-1954	1916	1954	 3	0.06
1907-1924	1907	1924	 3	0.06
1908-1937	1908	1937	 3	0.06
1910-1946	1910	1946	 3	0.06
1915-1938	1915	1938	 3	0.06
1912-1940	1912	1940	 3	0.06
1908-1943	1908	1943	 3	0.06
1871-1872	1871	1872	 3	0.06
1890-1903	1890	1903	 3	0.06
1906-1936	1906	1936	 3	0.06
1884-1899	1884	1899	 3	0.06
1863-1866	1863	1866	 3	0.06
1897-1946	1897	1946	 3	0.06
1890-1931	1890	1931	 3	0.06
1880-1918	1880	1918	 3	0.06
1877-1918	1877	1918	 3	0.06
1910-1944	1910	1944	 3	0.06
1866-1880	1866	1880	 3	0.06
1914-1944	1914	1944	 3	0.06
1864-1925	1864	1925	 3	0.06
1872-1880	1872	1880	 3	0.06
1900-1917	1900	1917	 3	0.06
1907-1921	1907	1921	 3	0.06
1903-2022	1903	2022	 3	0.06
1854-1917	1854	1917	 3	0.06
1880-1958	1880	1958	 3	0.06
1914-1996	1914	1996	 3	0.06
1907-1975	1907	1975	 3	0.06
1915-1923	1915	1923	 3	0.06
1894-1917	1894	1917	 3	0.06
1898-1903	1898	1903	 3	0.06
1906-2020	1906	2020	 3	0.06
1912-2010	1912	2010	 2	0.04
1809-1831	1809	1831	 2	0.04
1886-1893	1886	1893	 2	0.04
1897-1905	1897	1905	 2	0.04
1896-1907	1896	1907	 2	0.04
1913-1918	1913	1918	 2	0.04
1892-1900	1892	1900	 2	0.04
1891-1914	1891	1914	 2	0.04
1888-1935	1888	1935	 2	0.04
1886-1920	1886	1920	 2	0.04
1893-1906	1893	1906	 2	0.04
1912-1944	1912	1944	 2	0.04
1891-1918	1891	1918	 2	0.04
1895-1926	1895	1926	 2	0.04
1903-1912	1903	1912	 2	0.04
1888-1915	1888	1915	 2	0.04
1847-1848	1847	1848	 2	0.04
1891-1908	1891	1908	 2	0.04
1881-1901	1881	1901	 2	0.04
1911-1987	1911	1987	 2	0.04
1917-1980	1917	1980	 2	0.04
1900-1993	1900	1993	 2	0.04
1874-1879	1874	1879	 2	0.04
1890-1912	1890	1912	 2	0.04
1876-1925	1876	1925	 2	0.04
1900-1912	1900	1912	 2	0.04
1886-1891	1886	1891	 2	0.04
1890-1968	1890	1968	 2	0.04
1904-1993	1904	1993	 2	0.04
1849-1850	1849	1850	 2	0.04
1917-1927	1917	1927	 2	0.04
1909-1985	1909	1985	 2	0.04
1880-2014	1880	2014	 2	0.04
1898-1978	1898	1978	 2	0.04
1907-2004	1907	2004	 2	0.04
1909-1996	1909	1996	 2	0.04
1897-1912	1897	1912	 2	0.04
1913-1974	1913	1974	 2	0.04
1909-1993	1909	1993	 2	0.04
1860-1861	1860	1861	 2	0.04
1896-1918	1896	1918	 2	0.04
1884-1886	1884	1886	 2	0.04
1903-1913	1903	1913	 2	0.04
1855-1855	1855	1855	 2	0.04
1882-1883	1882	1883	 2	0.04
1915-1932	1915	1932	 2	0.04
1855-1856	1855	1856	 2	0.04
1879-1880	1879	1880	 2	0.04
1882-1884	1882	1884	 2	0.04
1894-1939	1894	1939	 2	0.04
1898-1922	1898	1922	 2	0.04
1903-1925	1903	1925	 2	0.04
1903-1917	1903	1917	 2	0.04
1895-1899	1895	1899	 2	0.04
1912-1936	1912	1936	 2	0.04
1899-1909	1899	1909	 2	0.04
1902-1910	1902	1910	 2	0.04
1836-1838	1836	1838	 2	0.04
1897-1964	1897	1964	 2	0.04
1875-1944	1875	1944	 2	0.04
1810-1896	1810	1896	 2	0.04
1884-1944	1884	1944	 2	0.04
1864-1944	1864	1944	 2	0.04
1900-1980	1900	1980	 2	0.04
1916-1973	1916	1973	 2	0.04
1913-1924	1913	1924	 2	0.04
1891-1897	1891	1897	 2	0.04
1871-1903	1871	1903	 2	0.04
1896-1902	1896	1902	 2	0.04
1911-1920	1911	1920	 2	0.04
1899-1920	1899	1920	 2	0.04
1841-1938	1841	1938	 2	0.04
1872-1873	1872	1873	 2	0.04
1879-1887	1879	1887	 2	0.04
1915-1929	1915	1929	 2	0.04
1891-1896	1891	1896	 2	0.04
1911-1921	1911	1921	 2	0.04
1908-1972	1908	1972	 2	0.04
1900-1918	1900	1918	 2	0.04
1907-1931	1907	1931	 2	0.04
1899-1916	1899	1916	 2	0.04
1917-2006	1917	2006	 2	0.04
1896-1917	1896	1917	 2	0.04
1915-1943	1915	1943	 2	0.04
1904-1918	1904	1918	 2	0.04
1908-1927	1908	1927	 2	0.04
1897-1920	1897	1920	 2	0.04
1910-1930	1910	1930	 2	0.04
1912-1934	1912	1934	 2	0.04
1905-1957	1905	1957	 2	0.04
1885-1917	1885	1917	 2	0.04
1911-1970	1911	1970	 2	0.04
1892-1916	1892	1916	 2	0.04
1882-1992	1882	1992	 2	0.04
1915-1967	1915	1967	 2	0.04
1839-1841	1839	1841	 2	0.04
1906-1922	1906	1922	 2	0.04
1910-1919	1910	1919	 2	0.04
1874-1874	1874	1874	 2	0.04
1910-1925	1910	1925	 2	0.04
1882-1887	1882	1887	 2	0.04
1895-1917	1895	1917	 2	0.04
1907-1947	1907	1947	 2	0.04
1900-1997	1900	1997	 2	0.04
1892-1897	1892	1897	 2	0.04
1886-1894	1886	1894	 2	0.04
1887-1892	1887	1892	 2	0.04
1902-1911	1902	1911	 2	0.04
1903-1906	1903	1906	 2	0.04
1893-1911	1893	1911	 2	0.04
1894-1905	1894	1905	 2	0.04
1888-1900	1888	1900	 2	0.04
1887-1897	1887	1897	 2	0.04
1888-1904	1888	1904	 2	0.04
1894-1901	1894	1901	 2	0.04
1907-1922	1907	1922	 2	0.04
1894-1913	1894	1913	 2	0.04
1911-1922	1911	1922	 2	0.04
1914-1924	1914	1924	 2	0.04
1894-1902	1894	1902	 2	0.04
1909-1936	1909	1936	 2	0.04
1906-1946	1906	1946	 2	0.04
1906-1930	1906	1930	 2	0.04
1896-1909	1896	1909	 2	0.04
1913-1939	1913	1939	 2	0.04
1907-1923	1907	1923	 2	0.04
1906-1919	1906	1919	 2	0.04
1897-1901	1897	1901	 2	0.04
1888-1910	1888	1910	 2	0.04
1888-1912	1888	1912	 2	0.04
1896-1915	1896	1915	 2	0.04
1902-1913	1902	1913	 2	0.04
1888-1914	1888	1914	 2	0.04
1885-1895	1885	1895	 2	0.04
1885-1905	1885	1905	 2	0.04
1892-1899	1892	1899	 2	0.04
1913-1922	1913	1922	 2	0.04
1904-1915	1904	1915	 2	0.04
1899-1914	1899	1914	 2	0.04
1897-1908	1897	1908	 2	0.04
1896-1908	1896	1908	 2	0.04
1904-1910	1904	1910	 2	0.04
1896-1914	1896	1914	 2	0.04
1893-1920	1893	1920	 2	0.04
1915-1920	1915	1920	 2	0.04
1912-1962	1912	1962	 2	0.04
1905-1917	1905	1917	 2	0.04
1906-1921	1906	1921	 2	0.04
1909-1950	1909	1950	 2	0.04
1901-1948	1901	1948	 2	0.04
1905-1909	1905	1909	 2	0.04
1870-1873	1870	1873	 2	0.04
1892-1915	1892	1915	 2	0.04
1903-1909	1903	1909	 2	0.04
1898-1916	1898	1916	 2	0.04
1906-1924	1906	1924	 2	0.04
1905-1908	1905	1908	 2	0.04
1910-1922	1910	1922	 2	0.04
1909-1923	1909	1923	 2	0.04
1914-1918	1914	1918	 2	0.04
1911-1927	1911	1927	 2	0.04
1896-1933	1896	1933	 2	0.04
1907-1929	1907	1929	 2	0.04
1913-1928	1913	1928	 2	0.04
1915-1931	1915	1931	 2	0.04
1909-1935	1909	1935	 2	0.04
1912-1927	1912	1927	 2	0.04
1913-1937	1913	1937	 2	0.04
1915-1936	1915	1936	 2	0.04
1904-1913	1904	1913	 2	0.04
1904-1950	1904	1950	 2	0.04
1906-1923	1906	1923	 2	0.04
1912-1993	1912	1993	 2	0.04
1914-1937	1914	1937	 2	0.04
1905-1944	1905	1944	 2	0.04
1905-1953	1905	1953	 2	0.04
1887-1891	1887	1891	 2	0.04
1886-1944	1886	1944	 2	0.04
1833-1974	1833	1974	 2	0.04
1913-1942	1913	1942	 2	0.04
1902-1939	1902	1939	 2	0.04
1895-1945	1895	1945	 2	0.04
1906-1939	1906	1939	 2	0.04
1883-1901	1883	1901	 2	0.04
1914-1963	1914	1963	 2	0.04
1877-1945	1877	1945	 2	0.04
1865-1873	1865	1873	 2	0.04
1897-1939	1897	1939	 2	0.04
1916-1957	1916	1957	 2	0.04
1910-1965	1910	1965	 2	0.04
1917-1958	1917	1958	 2	0.04
1916-1950	1916	1950	 2	0.04
1914-1951	1914	1951	 2	0.04
1905-1970	1905	1970	 2	0.04
1913-1938	1913	1938	 2	0.04
1909-1949	1909	1949	 2	0.04
1897-1906	1897	1906	 2	0.04
1915-1930	1915	1930	 2	0.04
1900-1909	1900	1909	 2	0.04
1894-1914	1894	1914	 2	0.04
1845-1848	1845	1848	 2	0.04
1908-1924	1908	1924	 2	0.04
1915-1926	1915	1926	 2	0.04
1916-1929	1916	1929	 2	0.04
1899-1932	1899	1932	 2	0.04
1911-1932	1911	1932	 2	0.04
1888-1986	1888	1986	 2	0.04
1876-1944	1876	1944	 2	0.04
1898-1941	1898	1941	 2	0.04
1843-1940	1843	1940	 2	0.04
1904-1917	1904	1917	 2	0.04
1912-1937	1912	1937	 2	0.04
1876-2022	1876	2022	 2	0.04
1892-1896	1892	1896	 2	0.04
1899-1910	1899	1910	 2	0.04
1916-1938	1916	1938	 2	0.04
1912-1941	1912	1941	 2	0.04
1898-1918	1898	1918	 2	0.04
1904-1919	1904	1919	 2	0.04
1903-1915	1903	1915	 2	0.04
1917-1926	1917	1926	 2	0.04
1912-1950	1912	1950	 2	0.04
1864-1866	1864	1866	 2	0.04
1917-1975	1917	1975	 2	0.04
1900-1954	1900	1954	 2	0.04
1889-1895	1889	1895	 2	0.04
1893-1916	1893	1916	 2	0.04
1892-1931	1892	1931	 2	0.04
1917-1960	1917	1960	 2	0.04
1913-1969	1913	1969	 2	0.04
1915-1962	1915	1962	 2	0.04
1911-1975	1911	1975	 2	0.04
1901-1917	1901	1917	 2	0.04
1908-1977	1908	1977	 2	0.04
1832-1834	1832	1834	 1	0.02
1905-1928	1905	1928	 1	0.02
1896-1932	1896	1932	 1	0.02
1891-1915	1891	1915	 1	0.02
1897-1921	1897	1921	 1	0.02
1875-1883	1875	1883	 1	0.02
1904-2010	1904	2010	 1	0.02
1909-1991	1909	1991	 1	0.02
1899-2006	1899	2006	 1	0.02
1893-2012	1893	2012	 1	0.02
1914-2011	1914	2011	 1	0.02
1898-1979	1898	1979	 1	0.02
1890-1980	1890	1980	 1	0.02
1890-2015	1890	2015	 1	0.02
1889-2016	1889	2016	 1	0.02
1916-2009	1916	2009	 1	0.02
1899-2020	1899	2020	 1	0.02
1902-2006	1902	2006	 1	0.02
1916-2003	1916	2003	 1	0.02
1917-2014	1917	2014	 1	0.02
1906-2003	1906	2003	 1	0.02
1908-1949	1908	1949	 1	0.02
1909-1971	1909	1971	 1	0.02
1828-1852	1828	1852	 1	0.02
1908-1932	1908	1932	 1	0.02
1893-1899	1893	1899	 1	0.02
1886-1915	1886	1915	 1	0.02
1876-1917	1876	1917	 1	0.02
1890-1909	1890	1909	 1	0.02
1899-1915	1899	1915	 1	0.02
1890-1915	1890	1915	 1	0.02
1882-1895	1882	1895	 1	0.02
1897-1918	1897	1918	 1	0.02
1895-1916	1895	1916	 1	0.02
1901-1923	1901	1923	 1	0.02
1916-1924	1916	1924	 1	0.02
1895-1912	1895	1912	 1	0.02
1887-1900	1887	1900	 1	0.02
1894-1908	1894	1908	 1	0.02
1880-1956	1880	1956	 1	0.02
1903-1951	1903	1951	 1	0.02
1891-1937	1891	1937	 1	0.02
1894-1899	1894	1899	 1	0.02
1891-1913	1891	1913	 1	0.02
1886-1919	1886	1919	 1	0.02
1916-1970	1916	1970	 1	0.02
1886-1988	1886	1988	 1	0.02
1900-1969	1900	1969	 1	0.02
1917-1979	1917	1979	 1	0.02
1888-1921	1888	1921	 1	0.02
1894-1919	1894	1919	 1	0.02
1859-1963	1859	1963	 1	0.02
1916-1934	1916	1934	 1	0.02
1819-1948	1819	1948	 1	0.02
1841-1843	1841	1843	 1	0.02
1915-1970	1915	1970	 1	0.02
1869-1873	1869	1873	 1	0.02
1915-2000	1915	2000	 1	0.02
1879-1894	1879	1894	 1	0.02
1905-1976	1905	1976	 1	0.02
1912-1964	1912	1964	 1	0.02
1883-1924	1883	1924	 1	0.02
1916-1969	1916	1969	 1	0.02
1906-1933	1906	1933	 1	0.02
1916-1961	1916	1961	 1	0.02
1908-1960	1908	1960	 1	0.02
1914-1964	1914	1964	 1	0.02
1912-1991	1912	1991	 1	0.02
1914-1950	1914	1950	 1	0.02
1900-2004	1900	2004	 1	0.02
1887-1963	1887	1963	 1	0.02
1906-1948	1906	1948	 1	0.02
1916-1978	1916	1978	 1	0.02
1894-1971	1894	1971	 1	0.02
1910-1973	1910	1973	 1	0.02
1888-1977	1888	1977	 1	0.02
1874-1975	1874	1975	 1	0.02
1914-1991	1914	1991	 1	0.02
1912-1965	1912	1965	 1	0.02
1900-1972	1900	1972	 1	0.02
1906-1996	1906	1996	 1	0.02
1917-1983	1917	1983	 1	0.02
1916-1964	1916	1964	 1	0.02
1906-1967	1906	1967	 1	0.02
1908-2007	1908	2007	 1	0.02
1897-1932	1897	1932	 1	0.02
1886-1930	1886	1930	 1	0.02
1913-1935	1913	1935	 1	0.02
1902-1923	1902	1923	 1	0.02
1883-1927	1883	1927	 1	0.02
1896-1922	1896	1922	 1	0.02
1914-1932	1914	1932	 1	0.02
1889-1929	1889	1929	 1	0.02
1913-1927	1913	1927	 1	0.02
1906-1929	1906	1929	 1	0.02
1917-1929	1917	1929	 1	0.02
1907-1926	1907	1926	 1	0.02
1910-1927	1910	1927	 1	0.02
1909-1926	1909	1926	 1	0.02
1891-1906	1891	1906	 1	0.02
1904-1927	1904	1927	 1	0.02
1887-1925	1887	1925	 1	0.02
1901-1958	1901	1958	 1	0.02
1905-1973	1905	1973	 1	0.02
1880-1922	1880	1922	 1	0.02
1884-1896	1884	1896	 1	0.02
1888-1898	1888	1898	 1	0.02
1910-1959	1910	1959	 1	0.02
1915-1963	1915	1963	 1	0.02
1906-2017	1906	2017	 1	0.02
1883-2012	1883	2012	 1	0.02
1899-1962	1899	1962	 1	0.02
1912-1960	1912	1960	 1	0.02
1909-2018	1909	2018	 1	0.02
1866-1938	1866	1938	 1	0.02
1819-1823	1819	1823	 1	0.02
1888-1982	1888	1982	 1	0.02
1916-1992	1916	1992	 1	0.02
1882-1998	1882	1998	 1	0.02
1896-1987	1896	1987	 1	0.02
1901-1939	1901	1939	 1	0.02
1903-1990	1903	1990	 1	0.02
1914-1926	1914	1926	 1	0.02
1889-1900	1889	1900	 1	0.02
1885-1908	1885	1908	 1	0.02
1916-1941	1916	1941	 1	0.02
1887-1905	1887	1905	 1	0.02
1911-1928	1911	1928	 1	0.02
1908-1922	1908	1922	 1	0.02
1895-1913	1895	1913	 1	0.02
1913-1933	1913	1933	 1	0.02
1896-1967	1896	1967	 1	0.02
1905-1916	1905	1916	 1	0.02
1902-1961	1902	1961	 1	0.02
1897-1971	1897	1971	 1	0.02
1901-1933	1901	1933	 1	0.02
1908-1948	1908	1948	 1	0.02
1892-1956	1892	1956	 1	0.02
1890-1972	1890	1972	 1	0.02
1910-1947	1910	1947	 1	0.02
1892-1912	1892	1912	 1	0.02
1902-1924	1902	1924	 1	0.02
1891-1943	1891	1943	 1	0.02
1873-1873	1873	1873	 1	0.02
1881-1956	1881	1956	 1	0.02
1898-1919	1898	1919	 1	0.02
1862-1924	1862	1924	 1	0.02
1875-1876	1875	1876	 1	0.02
1866-1873	1866	1873	 1	0.02
1840-1840	1840	1840	 1	0.02
1898-1908	1898	1908	 1	0.02
1847-1919	1847	1919	 1	0.02
1843-1914	1843	1914	 1	0.02
1869-1916	1869	1916	 1	0.02
1811-1845	1811	1845	 1	0.02
1909-1945	1909	1945	 1	0.02
1914-1965	1914	1965	 1	0.02
1912-1967	1912	1967	 1	0.02
1912-1957	1912	1957	 1	0.02
1904-1957	1904	1957	 1	0.02
1878-1888	1878	1888	 1	0.02
1841-2014	1841	2014	 1	0.02
1843-1989	1843	1989	 1	0.02
1870-1899	1870	1899	 1	0.02
1910-1932	1910	1932	 1	0.02
1842-1926	1842	1926	 1	0.02
1907-1956	1907	1956	 1	0.02
1905-2006	1905	2006	 1	0.02
1875-1980	1875	1980	 1	0.02
1901-1992	1901	1992	 1	0.02
1896-1975	1896	1975	 1	0.02
1909-1930	1909	1930	 1	0.02
1895-1914	1895	1914	 1	0.02
1884-1893	1884	1893	 1	0.02
1913-1954	1913	1954	 1	0.02
1892-1910	1892	1910	 1	0.02
1912-1935	1912	1935	 1	0.02
1864-1864	1864	1864	 1	0.02
1891-1940	1891	1940	 1	0.02
1871-1875	1871	1875	 1	0.02
1854-1926	1854	1926	 1	0.02
1902-1940	1902	1940	 1	0.02
1880-1914	1880	1914	 1	0.02
1908-1965	1908	1965	 1	0.02
1849-1869	1849	1869	 1	0.02
1850-1907	1850	1907	 1	0.02
1879-1903	1879	1903	 1	0.02
1873-1906	1873	1906	 1	0.02
1889-1925	1889	1925	 1	0.02
1911-1948	1911	1948	 1	0.02
1900-1911	1900	1911	 1	0.02
1873-1909	1873	1909	 1	0.02
1882-1915	1882	1915	 1	0.02
1893-1914	1893	1914	 1	0.02
1900-1922	1900	1922	 1	0.02
1899-1911	1899	1911	 1	0.02
1886-1925	1886	1925	 1	0.02
1881-1915	1881	1915	 1	0.02
1893-1925	1893	1925	 1	0.02
1890-1917	1890	1917	 1	0.02
1900-1921	1900	1921	 1	0.02
1902-1920	1902	1920	 1	0.02
1855-1920	1855	1920	 1	0.02
1903-1937	1903	1937	 1	0.02
1894-1912	1894	1912	 1	0.02
1877-1912	1877	1912	 1	0.02
1912-1986	1912	1986	 1	0.02
1860-1916	1860	1916	 1	0.02
1878-1917	1878	1917	 1	0.02
1901-1916	1901	1916	 1	0.02
1875-1919	1875	1919	 1	0.02
1900-1995	1900	1995	 1	0.02
1900-2009	1900	2009	 1	0.02
1908-1951	1908	1951	 1	0.02
1901-1951	1901	1951	 1	0.02
1895-1928	1895	1928	 1	0.02
1909-1972	1909	1972	 1	0.02
1850-1883	1850	1883	 1	0.02
1905-1949	1905	1949	 1	0.02
1909-1946	1909	1946	 1	0.02
1906-1982	1906	1982	 1	0.02
1911-1984	1911	1984	 1	0.02
1900-1998	1900	1998	 1	0.02
1868-1879	1868	1879	 1	0.02
1839-1840	1839	1840	 1	0.02
1915-1941	1915	1941	 1	0.02
1893-1901	1893	1901	 1	0.02
1892-1977	1892	1977	 1	0.02
1840-1845	1840	1845	 1	0.02
1907-1925	1907	1925	 1	0.02
1849-1849	1849	1849	 1	0.02
1895-1978	1895	1978	 1	0.02
1912-1984	1912	1984	 1	0.02
1908-1974	1908	1974	 1	0.02
1906-1993	1906	1993	 1	0.02
1914-2003	1914	2003	 1	0.02
1905-1995	1905	1995	 1	0.02
1905-1994	1905	1994	 1	0.02
1892-1976	1892	1976	 1	0.02
1899-1985	1899	1985	 1	0.02
1911-1980	1911	1980	 1	0.02
1912-2001	1912	2001	 1	0.02
1914-1980	1914	1980	 1	0.02
1914-1984	1914	1984	 1	0.02
1917-2009	1917	2009	 1	0.02
1897-2007	1897	2007	 1	0.02
1902-1988	1902	1988	 1	0.02
1904-2004	1904	2004	 1	0.02
1893-1982	1893	1982	 1	0.02
1898-2017	1898	2017	 1	0.02
1869-1987	1869	1987	 1	0.02
1906-1987	1906	1987	 1	0.02
1887-1981	1887	1981	 1	0.02
1898-1996	1898	1996	 1	0.02
1915-1987	1915	1987	 1	0.02
1881-1972	1881	1972	 1	0.02
1904-1988	1904	1988	 1	0.02
1904-2011	1904	2011	 1	0.02
1915-1984	1915	1984	 1	0.02
1907-1995	1907	1995	 1	0.02
1917-2002	1917	2002	 1	0.02
1907-1969	1907	1969	 1	0.02
1913-1999	1913	1999	 1	0.02
1910-1926	1910	1926	 1	0.02
1912-1943	1912	1943	 1	0.02
1914-1960	1914	1960	 1	0.02
1915-1957	1915	1957	 1	0.02
1876-1893	1876	1893	 1	0.02
1894-1916	1894	1916	 1	0.02
1890-1918	1890	1918	 1	0.02
1896-1945	1896	1945	 1	0.02
1892-1917	1892	1917	 1	0.02
1890-1898	1890	1898	 1	0.02
1894-1966	1894	1966	 1	0.02
1904-1923	1904	1923	 1	0.02
1834-1835	1834	1835	 1	0.02
1827-1829	1827	1829	 1	0.02
1902-1917	1902	1917	 1	0.02
1878-1887	1878	1887	 1	0.02
1880-1884	1880	1884	 1	0.02
1867-1873	1867	1873	 1	0.02
1910-1943	1910	1943	 1	0.02
1868-1871	1868	1871	 1	0.02
1853-1853	1853	1853	 1	0.02
1897-1949	1897	1949	 1	0.02
1827-1831	1827	1831	 1	0.02
1913-1932	1913	1932	 1	0.02
1853-1854	1853	1854	 1	0.02
1896-1921	1896	1921	 1	0.02
1888-1894	1888	1894	 1	0.02
1916-1998	1916	1998	 1	0.02
1851-1853	1851	1853	 1	0.02
1895-1907	1895	1907	 1	0.02
1909-1934	1909	1934	 1	0.02
1912-1923	1912	1923	 1	0.02
1909-1939	1909	1939	 1	0.02
1881-1895	1881	1895	 1	0.02
1872-1914	1872	1914	 1	0.02
1872-1872	1872	1872	 1	0.02
1851-1855	1851	1855	 1	0.02
1900-1920	1900	1920	 1	0.02
1895-1915	1895	1915	 1	0.02
1864-1889	1864	1889	 1	0.02
1916-1932	1916	1932	 1	0.02
1907-1932	1907	1932	 1	0.02
1873-1988	1873	1988	 1	0.02
1902-1984	1902	1984	 1	0.02
1865-1876	1865	1876	 1	0.02
1884-1897	1884	1897	 1	0.02
1839-1839	1839	1839	 1	0.02
1874-1878	1874	1878	 1	0.02
1895-1910	1895	1910	 1	0.02
1904-1911	1904	1911	 1	0.02
1873-1880	1873	1880	 1	0.02
1914-1975	1914	1975	 1	0.02
1910-1928	1910	1928	 1	0.02
1865-1865	1865	1865	 1	0.02
1893-1909	1893	1909	 1	0.02
1898-1951	1898	1951	 1	0.02
1894-1964	1894	1964	 1	0.02
1895-1958	1895	1958	 1	0.02
1916-1966	1916	1966	 1	0.02
1865-1872	1865	1872	 1	0.02
1889-1962	1889	1962	 1	0.02
1913-1971	1913	1971	 1	0.02
1891-1945	1891	1945	 1	0.02
1914-1945	1914	1945	 1	0.02
1907-1948	1907	1948	 1	0.02
1914-1946	1914	1946	 1	0.02
1916-1949	1916	1949	 1	0.02
1905-1951	1905	1951	 1	0.02
1916-1931	1916	1931	 1	0.02
1905-1923	1905	1923	 1	0.02
1871-1873	1871	1873	 1	0.02
1896-1948	1896	1948	 1	0.02
1908-1930	1908	1930	 1	0.02
1912-1953	1912	1953	 1	0.02
1892-1908	1892	1908	 1	0.02
1892-1907	1892	1907	 1	0.02
1902-1918	1902	1918	 1	0.02
1914-1935	1914	1935	 1	0.02
1896-1951	1896	1951	 1	0.02
1916-1943	1916	1943	 1	0.02
1881-1934	1881	1934	 1	0.02
1902-1926	1902	1926	 1	0.02
1915-1954	1915	1954	 1	0.02
1896-1935	1896	1935	 1	0.02
1911-1939	1911	1939	 1	0.02
1913-1946	1913	1946	 1	0.02
1830-1832	1830	1832	 1	0.02
1877-1949	1877	1949	 1	0.02
1903-1929	1903	1929	 1	0.02
1913-1959	1913	1959	 1	0.02
1867-1869	1867	1869	 1	0.02
1892-1913	1892	1913	 1	0.02
1855-1868	1855	1868	 1	0.02
1816-1826	1816	1826	 1	0.02
1828-1876	1828	1876	 1	0.02
1908-1936	1908	1936	 1	0.02
1904-1933	1904	1933	 1	0.02
1889-1902	1889	1902	 1	0.02
1859-1861	1859	1861	 1	0.02
1905-1940	1905	1940	 1	0.02
1904-1908	1904	1908	 1	0.02
1884-1888	1884	1888	 1	0.02
1913-1931	1913	1931	 1	0.02
1877-1886	1877	1886	 1	0.02
1909-1928	1909	1928	 1	0.02
1904-1938	1904	1938	 1	0.02
1912-1945	1912	1945	 1	0.02
1913-1985	1913	1985	 1	0.02
1902-1931	1902	1931	 1	0.02
1912-1933	1912	1933	 1	0.02
1811-1981	1811	1981	 1	0.02
1900-1964	1900	1964	 1	0.02
1884-1921	1884	1921	 1	0.02
1914-1968	1914	1968	 1	0.02
1910-1961	1910	1961	 1	0.02
1914-1956	1914	1956	 1	0.02
1917-1970	1917	1970	 1	0.02
1916-1963	1916	1963	 1	0.02
1878-1918	1878	1918	 1	0.02
1910-1963	1910	1963	 1	0.02
1900-1913	1900	1913	 1	0.02
1838-1908	1838	1908	 1	0.02
1894-1987	1894	1987	 1	0.02
1856-1861	1856	1861	 1	0.02
1890-1911	1890	1911	 1	0.02
1894-1972	1894	1972	 1	0.02
1873-1963	1873	1963	 1	0.02
1915-1953	1915	1953	 1	0.02
1891-1952	1891	1952	 1	0.02
1866-1921	1866	1921	 1	0.02
1849-1851	1849	1851	 1	0.02
1902-1972	1902	1972	 1	0.02
1895-1963	1895	1963	 1	0.02
1844-1924	1844	1924	 1	0.02
1912-1947	1912	1947	 1	0.02
1901-1953	1901	1953	 1	0.02
1913-1940	1913	1940	 1	0.02
1897-1903	1897	1903	 1	0.02
1913-1943	1913	1943	 1	0.02
1903-1943	1903	1943	 1	0.02
1906-1963	1906	1963	 1	0.02
1847-1863	1847	1863	 1	0.02
1911-1956	1911	1956	 1	0.02
1911-1952	1911	1952	 1	0.02
1903-1957	1903	1957	 1	0.02
1897-1911	1897	1911	 1	0.02
1902-1957	1902	1957	 1	0.02
1909-1943	1909	1943	 1	0.02
1909-1954	1909	1954	 1	0.02
1869-1908	1869	1908	 1	0.02
1898-1920	1898	1920	 1	0.02
1912-1973	1912	1973	 1	0.02
1915-1940	1915	1940	 1	0.02
1901-1943	1901	1943	 1	0.02
1916-1946	1916	1946	 1	0.02
1915-1947	1915	1947	 1	0.02
1917-1948	1917	1948	 1	0.02
1913-1950	1913	1950	 1	0.02
1887-1904	1887	1904	 1	0.02
1886-1912	1886	1912	 1	0.02
1858-1916	1858	1916	 1	0.02
1898-1970	1898	1970	 1	0.02
1899-1902	1899	1902	 1	0.02
1906-1937	1906	1937	 1	0.02
1897-1902	1897	1902	 1	0.02
1908-1969	1908	1969	 1	0.02
1917-1953	1917	1953	 1	0.02
1894-1955	1894	1955	 1	0.02
1887-1895	1887	1895	 1	0.02
1834-1836	1834	1836	 1	0.02
1898-1937	1898	1937	 1	0.02
1890-1960	1890	1960	 1	0.02
1887-1906	1887	1906	 1	0.02
1912-1942	1912	1942	 1	0.02
1914-1942	1914	1942	 1	0.02
1891-1964	1891	1964	 1	0.02
1896-19uu	1819	1896	 1	0.02
1898-1921	1898	1921	 1	0.02
1915-1937	1915	1937	 1	0.02
1907-1955	1907	1955	 1	0.02
1865-1867	1865	1867	 1	0.02
1867-1867	1867	1867	 1	0.02
1888-2016	1888	2016	 1	0.02
1895-1948	1895	1948	 1	0.02
1912-1956	1912	1956	 1	0.02
1856-1856	1856	1856	 1	0.02
1912-1966	1912	1966	 1	0.02
1889-1922	1889	1922	 1	0.02
1912-1970	1912	1970	 1	0.02
1909-1927	1909	1927	 1	0.02
1903-1936	1903	1936	 1	0.02
1900-1982	1900	1982	 1	0.02
1906-1927	1906	1927	 1	0.02
1895-1909	1895	1909	 1	0.02
1912-1979	1912	1979	 1	0.02
1882-1923	1882	1923	 1	0.02
1873-1882	1873	1882	 1	0.02
1898-1909	1898	1909	 1	0.02
1880-1894	1880	1894	 1	0.02
1871-1876	1871	1876	 1	0.02
1884-1900	1884	1900	 1	0.02
1904-1920	1904	1920	 1	0.02
1906-1945	1906	1945	 1	0.02
1905-1967	1905	1967	 1	0.02
1887-1997	1887	1997	 1	0.02
1910-1969	1910	1969	 1	0.02
1861-1995	1861	1995	 1	0.02
1889-1967	1889	1967	 1	0.02
1900-2012	1900	2012	 1	0.02
1900-2007	1900	2007	 1	0.02
1900-1996	1900	1996	 1	0.02
1900-2010	1900	2010	 1	0.02
1900-2005	1900	2005	 1	0.02
1915-1949	1915	1949	 1	0.02
1912-1948	1912	1948	 1	0.02
1886-1902	1886	1902	 1	0.02
1892-1902	1892	1902	 1	0.02
1890-1897	1890	1897	 1	0.02
1886-1909	1886	1909	 1	0.02
1893-1910	1893	1910	 1	0.02
1896-1901	1896	1901	 1	0.02
1886-1904	1886	1904	 1	0.02
1895-1903	1895	1903	 1	0.02
1894-1898	1894	1898	 1	0.02
1878-1900	1878	1900	 1	0.02
1862-1896	1862	1896	 1	0.02
1887-1987	1887	1987	 1	0.02
1845-1846	1845	1846	 1	0.02
1897-1910	1897	1910	 1	0.02
1917-1974	1917	1974	 1	0.02
1895-1918	1895	1918	 1	0.02
1912-1926	1912	1926	 1	0.02
1886-1898	1886	1898	 1	0.02
1901-1924	1901	1924	 1	0.02
1896-1949	1896	1949	 1	0.02
1904-1925	1904	1925	 1	0.02
1905-1932	1905	1932	 1	0.02
1917-1973	1917	1973	 1	0.02
1908-1970	1908	1970	 1	0.02
1902-1952	1902	1952	 1	0.02
1901-1945	1901	1945	 1	0.02
1854-1857	1854	1857	 1	0.02
1858-1904	1858	1904	 1	0.02
1908-1947	1908	1947	 1	0.02
1898-1914	1898	1914	 1	0.02
1911-1949	1911	1949	 1	0.02
1909-1951	1909	1951	 1	0.02
1896-1947	1896	1947	 1	0.02
1896-1923	1896	1923	 1	0.02
1890-2012	1890	2012	 1	0.02
1910-1934	1910	1934	 1	0.02
1899-1913	1899	1913	 1	0.02
1889-1913	1889	1913	 1	0.02
1884-1907	1884	1907	 1	0.02
1891-1912	1891	1912	 1	0.02
1881-1925	1881	1925	 1	0.02
1860-1882	1860	1882	 1	0.02
1848-1875	1848	1875	 1	0.02
1876-1885	1876	1885	 1	0.02
1882-1888	1882	1888	 1	0.02
1881-1894	1881	1894	 1	0.02
1900-1966	1900	1966	 1	0.02
1894-1904	1894	1904	 1	0.02
1902-1907	1902	1907	 1	0.02
1904-1916	1904	1916	 1	0.02
1891-1904	1891	1904	 1	0.02
1893-1919	1893	1919	 1	0.02
1894-1906	1894	1906	 1	0.02
1901-1907	1901	1907	 1	0.02
1902-1908	1902	1908	 1	0.02
1883-1905	1883	1905	 1	0.02
1875-1877	1875	1877	 1	0.02
1891-1910	1891	1910	 1	0.02
1868-1906	1868	1906	 1	0.02
1893-1908	1893	1908	 1	0.02
1863-1894	1863	1894	 1	0.02
1901-1925	1901	1925	 1	0.02
1872-1908	1872	1908	 1	0.02
1908-1925	1908	1925	 1	0.02
1905-1919	1905	1919	 1	0.02
1881-1891	1881	1891	 1	0.02
1887-1898	1887	1898	 1	0.02
1906-1966	1906	1966	 1	0.02
1902-1970	1902	1970	 1	0.02
1900-2011	1900	2011	 1	0.02
1886-2012	1886	2012	 1	0.02
1859-1863	1859	1863	 1	0.02
1905-1963	1905	1963	 1	0.02
1893-1918	1893	1918	 1	0.02
1898-1932	1898	1932	 1	0.02
1913-1934	1913	1934	 1	0.02
1910-1942	1910	1942	 1	0.02
1909-1956	1909	1956	 1	0.02
1907-1964	1907	1964	 1	0.02
1906-1932	1906	1932	 1	0.02
1903-1926	1903	1926	 1	0.02
1886-1907	1886	1907	 1	0.02
1891-1909	1891	1909	 1	0.02
1895-1906	1895	1906	 1	0.02
1898-1925	1898	1925	 1	0.02
1905-1922	1905	1922	 1	0.02
1902-1915	1902	1915	 1	0.02
1896-1913	1896	1913	 1	0.02
1891-1898	1891	1898	 1	0.02
1892-1925	1892	1925	 1	0.02
1902-1925	1902	1925	 1	0.02
1901-1920	1901	1920	 1	0.02
1906-1928	1906	1928	 1	0.02
1899-1925	1899	1925	 1	0.02
1899-1926	1899	1926	 1	0.02
1913-1929	1913	1929	 1	0.02
1894-1932	1894	1932	 1	0.02
1908-1935	1908	1935	 1	0.02
1912-1931	1912	1931	 1	0.02
1853-1862	1853	1862	 1	0.02
1869-1910	1869	1910	 1	0.02
1908-1938	1908	1938	 1	0.02
1910-1935	1910	1935	 1	0.02
1907-1943	1907	1943	 1	0.02
1916-1942	1916	1942	 1	0.02
1916-1937	1916	1937	 1	0.02
1904-1936	1904	1936	 1	0.02
1894-1938	1894	1938	 1	0.02
1906-1968	1906	1968	 1	0.02
1915-1939	1915	1939	 1	0.02
1914-1936	1914	1936	 1	0.02
1911-1942	1911	1942	 1	0.02
1904-1943	1904	1943	 1	0.02
1911-1959	1911	1959	 1	0.02
1909-1959	1909	1959	 1	0.02
1905-1948	1905	1948	 1	0.02
1899-1923	1899	1923	 1	0.02
1905-1950	1905	1950	 1	0.02
1890-1938	1890	1938	 1	0.02
1886-1914	1886	1914	 1	0.02
1887-1909	1887	1909	 1	0.02
1893-1945	1893	1945	 1	0.02
1884-1939	1884	1939	 1	0.02
1877-1906	1877	1906	 1	0.02
1870-1945	1870	1945	 1	0.02
1869-1885	1869	1885	 1	0.02
1868-1904	1868	1904	 1	0.02
1905-1920	1905	1920	 1	0.02
1902-1953	1902	1953	 1	0.02
1904-1926	1904	1926	 1	0.02
1866-1903	1866	1903	 1	0.02
1903-1958	1903	1958	 1	0.02
1886-1969	1886	1969	 1	0.02
1895-1971	1895	1971	 1	0.02
1887-1915	1887	1915	 1	0.02
1886-1924	1886	1924	 1	0.02
1911-19uu	1911	1919	 1	0.02
1892-1901	1892	1901	 1	0.02
1910-1956	1910	1956	 1	0.02
1911-1957	1911	1957	 1	0.02
1905-1956	1905	1956	 1	0.02
1915-1956	1915	1956	 1	0.02
1908-1956	1908	1956	 1	0.02
1891-1951	1891	1951	 1	0.02
1907-1950	1907	1950	 1	0.02
1917-1932	1917	1932	 1	0.02
1917-1951	1917	1951	 1	0.02
1909-1970	1909	1970	 1	0.02
1917-1950	1917	1950	 1	0.02
1901-1949	1901	1949	 1	0.02
1915-1950	1915	1950	 1	0.02
1895-1954	1895	1954	 1	0.02
1912-1954	1912	1954	 1	0.02
1897-1934	1897	1934	 1	0.02
1908-1940	1908	1940	 1	0.02
1915-1924	1915	1924	 1	0.02
1896-1912	1896	1912	 1	0.02
1905-1912	1905	1912	 1	0.02
1907-1957	1907	1957	 1	0.02
1917-1945	1917	1945	 1	0.02
1897-1919	1897	1919	 1	0.02
1905-1918	1905	1918	 1	0.02
1890-1991	1890	1991	 1	0.02
1900-2000	1900	2000	 1	0.02
1875-1881	1875	1881	 1	0.02
1853-1878	1853	1878	 1	0.02
1908-1945	1908	1945	 1	0.02
1875-1918	1875	1918	 1	0.02
1878-1920	1878	1920	 1	0.02
1888-1906	1888	1906	 1	0.02
1906-1971	1906	1971	 1	0.02
1916-1968	1916	1968	 1	0.02
1906-1926	1906	1926	 1	0.02
1916-1930	1916	1930	 1	0.02
1878-1972	1878	1972	 1	0.02
1903-1933	1903	1933	 1	0.02
1914-1931	1914	1931	 1	0.02
1908-1931	1908	1931	 1	0.02
1901-1930	1901	1930	 1	0.02
1911-1930	1911	1930	 1	0.02
1907-1934	1907	1934	 1	0.02
1917-1934	1917	1934	 1	0.02
1905-1930	1905	1930	 1	0.02
1908-1933	1908	1933	 1	0.02
1902-1935	1902	1935	 1	0.02
1890-1933	1890	1933	 1	0.02
1897-1933	1897	1933	 1	0.02
1916-1935	1916	1935	 1	0.02
1879-1938	1879	1938	 1	0.02
1873-1875	1873	1875	 1	0.02
1867-1880	1867	1880	 1	0.02
1900-2008	1900	2008	 1	0.02
1877-1952	1877	1952	 1	0.02
1908-1941	1908	1941	 1	0.02
1917-1978	1917	1978	 1	0.02
1894-1911	1894	1911	 1	0.02
1895-1902	1895	1902	 1	0.02
1908-1928	1908	1928	 1	0.02
1916-1933	1916	1933	 1	0.02
1916-1936	1916	1936	 1	0.02
1915-1935	1915	1935	 1	0.02
1906-1938	1906	1938	 1	0.02
1889-1893	1889	1893	 1	0.02
1878-1879	1878	1879	 1	0.02
1890-1894	1890	1894	 1	0.02
1897-1941	1897	1941	 1	0.02
1905-1941	1905	1941	 1	0.02
1904-1946	1904	1946	 1	0.02
1905-2009	1905	2009	 1	0.02
1879-1918	1879	1918	 1	0.02
1905-1934	1905	1934	 1	0.02
1893-1926	1893	1926	 1	0.02
1914-1969	1914	1969	 1	0.02
1917-1991	1917	1991	 1	0.02
1892-1948	1892	1948	 1	0.02
1904-1979	1904	1979	 1	0.02
1909-1932	1909	1932	 1	0.02
1909-1969	1909	1969	 1	0.02
1904-1954	1904	1954	 1	0.02
1915-1959	1915	1959	 1	0.02
1903-1954	1903	1954	 1	0.02
1873-1975	1873	1975	 1	0.02
1910-1975	1910	1975	 1	0.02
1896-1960	1896	1960	 1	0.02
1865-1869	1865	1869	 1	0.02
1859-1952	1859	1952	 1	0.02
1917-1971	1917	1971	 1	0.02
1907-2001	1907	2001	 1	0.02
1895-1956	1895	1956	 1	0.02
1908-1975	1908	1975	 1	0.02
1900-1955	1900	1955	 1	0.02
1904-1921	1904	1921	 1	0.02
1916-1974	1916	1974	 1	0.02
1912-1974	1912	1974	 1	0.02
1875-1974	1875	1974	 1	0.02
1889-2009	1889	2009	 1	0.02
1857-1864	1857	1864	 1	0.02
1897-1940	1897	1940	 1	0.02
1886-1929	1886	1929	 1	0.02
1885-1938	1885	1938	 1	0.02
1906-1935	1906	1935	 1	0.02
1870-1880	1870	1880	 1	0.02
1860-1903	1860	1903	 1	0.02
1907-1982	1907	1982	 1	0.02
1888-2020	1888	2020	 1	0.02
1910-1998	1910	1998	 1	0.02
